Иванов;Иван;234
Петров;петр;543
Сидоров;Сидр;123
1;1;1
2
Иванов;Иван;234
Петров;петр;543
Сидоров;Сидр;123
1;1;1
Иванов;Иван;234
Петров;петр;543
Сидоров;Сидр;123
2
Иванов;Иван;234
Петров;петр;543
Сидоров;Сидр;123
1;1;1
Петров;петр;543
Сидоров;Сидр;123
1;1;1
2
Иванов;Иван;234
Петров;петр;543
Сидоров;Сидр;123
1;1;1
Иванов;Иван;234
Петров;петр;543
Сидоров;Сидр;123
2
Иванов;Иван;234
Петров;петр;543
Сидоров;Сидр;123
1;1;1
1;2;3
Иванов;Иван;234
Петров;петр;543
Сидоров;Сидр;123
1;1;1
2
Петров;петр;543
Сидоров;Сидр;123
1;1;1
Иванов;Иван;234
Петров;петр;543
Сидоров;Сидр;123
2
Иванов;Иван;234
Петров;петр;543
Сидоров;Сидр;123
1;1;1
Петров;петр;543
Сидоров;Сидр;123
1;1;1
2
Иванов;Иван;234
Петров;петр;543
Сидоров;Сидр;123
1;1;1
Иванов;Иван;234
Петров;петр;543
Сидоров;Сидр;123
2
Иванов;Иван;234
Петров;петр;543
Сидоров;Сидр;123
1;1;1
1;2;3
1
Иванов;Иван;234
Петров;петр;543
Сидоров;Сидр;123
1;1;1
2
Иванов;Иван;234
Петров;петр;543
Сидоров;Сидр;123
1;1;1
Иванов;Иван;234
Петров;петр;543
Сидоров;Сидр;123
2
Иванов;Иван;234
Петров;петр;543
Сидоров;Сидр;123
1;1;1
Петров;петр;543
Сидоров;Сидр;123
1;1;1
2
Иванов;Иван;234
Петров;петр;543
Сидоров;Сидр;123
1;1;1
Иванов;Иван;234
Петров;петр;543
Сидоров;Сидр;123
2
Иванов;Иван;234
Петров;петр;543
Сидоров;Сидр;123
1;1;1
1;2;3
Иванов;Иван;234
Петров;петр;543
Сидоров;Сидр;123
1;1;1
2
Петров;петр;543
Сидоров;Сидр;123
1;1;1
Иванов;Иван;234
Петров;петр;543
Сидоров;Сидр;123
2
Иванов;Иван;234
Петров;петр;543
Сидоров;Сидр;123
1;1;1
Петров;петр;543
Сидоров;Сидр;123
1;1;1
2
Иванов;Иван;234
Петров;петр;543
Сидоров;Сидр;123
1;1;1
Иванов;Иван;234
Петров;петр;543
Сидоров;Сидр;123
2
Иванов;Иван;234
Петров;петр;543
Сидоров;Сидр;123
1
0
